id;first_name;last_name;email;phone_number;identity_card;date_inspiration;nationality;upload_identity_card;upload_identity_card_content_type;type_employed;city_agency;residence_city;address;social_security_number;birth_date;birth_place;entry_date;release_date;workstation;description_workstation;level;coefficient;number_hours;average_hourly_cost;monthly_gross_amount;commission_amount;contract_type;salary_type;hire_date
1;Jeannot;Lemoine;Thais70@gmail.com;franco solitaire;dévoiler rencontrer cot cot;2024-01-19T02:57:59;SENEGAL;../fake-data/blob/hipster.png;image/png;MARKETER;gueuler rose;miaou;mature;sincère pendant que;2024-01-18T20:14:45;cesser;2024-01-18T12:29:01;2024-01-18T10:16:46;sur tellement;toc;B;18959;insolite désormais en decà de;secouriste;2662;24420;CDD;NON_EXECUTIVE_SALARIED;2024-01-18T11:06:51
2;Athénaïs;Andre;Leopold5@yahoo.fr;communauté étudiante;de crainte que;2024-01-19T09:00:02;CAMEROON;../fake-data/blob/hipster.png;image/png;SALARY;rectorat;euh diététiste;assez là pauvre;d'après à la merci;2024-01-19T08:10:06;psitt;2024-01-19T06:13:16;2024-01-19T01:54:33;gâcher snob d'abord;auprès de célébrer;A;14555;lâche outre;à partir de éteindre super;28552;21905;CDD;ASSOCIATE;2024-01-19T08:30:55
3;Gatien;Lecomte;Primerose.Moreau@hotmail.fr;environ;diététiste vu que insipide;2024-01-18T14:24:01;MALI;../fake-data/blob/hipster.png;image/png;SALARY;incognito perdre vraisemblablement;bè reconstituer;pourpre selon;de crainte que;2024-01-18T19:55:35;guide prout;2024-01-19T07:51:47;2024-01-19T06:38:10;chut;envers;A;17411;à l'entour de juriste;ouah insipide;22338;9504;APPRENTICE;NON_EXECUTIVE_SALARIED;2024-01-19T07:47:41
4;Chilpéric;Vincent;Philothee.Bernard5@hotmail.fr;après-demain à bas de assez;quand vaste;2024-01-18T17:04:48;CAMEROON;../fake-data/blob/hipster.png;image/png;SALARY;parce que;peut-être;affable;patientèle à peu près à peu près;2024-01-18T19:45:13;avant toc;2024-01-18T19:29:59;2024-01-18T12:13:57;associer écraser extrêmement;hystérique;E;28031;psitt lors de affable;séculaire en guise de par rapport à;19702;1143;COMMERCIAL_AGENT;NON_EXECUTIVE_SALARIED;2024-01-18T14:29:18
5;Garance;Paul;Claire.Leroux@yahoo.fr;du fait que fort administration;lorsque;2024-01-19T06:22:09;COTE_IVOIRE;../fake-data/blob/hipster.png;image/png;SALARY;secouriste aujourd'hui;gratis;hi de peur que derrière;depuis déchiffrer auprès de;2024-01-18T19:56:42;en faveur de;2024-01-18T10:35:07;2024-01-18T17:04:31;après que boum atchoum;responsable;B;19501;actionnaire;échouer;15698;21938;APPRENTICE;EXECUTIVE_SALARIED;2024-01-19T00:09:24
6;Eustache;Carpentier;Basilisse.Guyot@gmail.com;énergique;souple;2024-01-18T15:30:28;COTE_IVOIRE;../fake-data/blob/hipster.png;image/png;CONSULTANT;tellement dès clientèle;même si tellement ferme;pendant que;aux environs de concernant;2024-01-19T00:02:07;de peur que sympathique au-dessous de;2024-01-18T18:18:09;2024-01-18T14:27:35;d’autant que;sur miam;D;9437;vroum;téméraire aïe;16982;25668;INTERN;NON_EXECUTIVE_SALARIED;2024-01-19T09:06:33
7;Léonie;Remy;Evelyne40@yahoo.fr;a;où former;2024-01-19T08:25:19;COTE_IVOIRE;../fake-data/blob/hipster.png;image/png;SALARY;entièrement;jusqu’à ce que circulaire;simple;malgré soudain;2024-01-18T11:24:17;un peu mature;2024-01-18T18:10:25;2024-01-18T17:36:45;bavarder soulever selon;diététiste entièrement délectable;C;1656;fade toc;vu que;6820;20087;EXTERNAL;EXECUTIVE_SALARIED;2024-01-18T13:48:53
8;Jocelyn;Poirier;Evrard80@gmail.com;au défaut de;considérable abandonner;2024-01-19T06:44:32;MALI;../fake-data/blob/hipster.png;image/png;CONSULTANT;conseil municipal;oups;membre de l’équipe équipe en decà de;de peur que;2024-01-19T09:08:17;géométrique hé;2024-01-18T22:33:22;2024-01-19T05:11:05;ah aujourd'hui;mener broum;E;20899;pour du moment que;lors dès;3402;15294;CDI;EXECUTIVE_SALARIED;2024-01-18T16:57:01
9;Michel;Arnaud;Abondance_Fabre@hotmail.fr;clac;grimper sincère hirsute;2024-01-18T13:19:24;MALI;../fake-data/blob/hipster.png;image/png;CONSULTANT;cadre publier du fait que;adversaire;bzzz pourvu que;touchant;2024-01-18T12:33:40;puisque insuffisamment d’autant que;2024-01-19T08:25:30;2024-01-18T16:14:41;orange prout malade;pour que aïe quant à;D;24973;cadre de crainte que quant à;avare confondre vroum;25875;16909;CDD;ASSOCIATE;2024-01-18T19:35:00
10;Hugues;Julien;Richard62@hotmail.fr;partenaire;pschitt clac;2024-01-19T08:18:32;CAMEROON;../fake-data/blob/hipster.png;image/png;CONSULTANT;apparemment de manière à responsable;toc-toc à l'instar de;direction fade;bang à raison de fourrer;2024-01-19T09:38:37;miam masquer;2024-01-18T23:37:46;2024-01-18T20:56:45;bzzz;coac coac à même;E;31881;sage chef de cuisine pschitt;chef placide;22289;30180;CDI;ASSOCIATE;2024-01-18T23:42:26
